{
  "name": "منصة بان",
  "short_name": "بان",
  "start_url": "/Ban/",
  "scope": "/Ban/",
  "display": "standalone",
  "background_color": "#ffffff",
  "theme_color": "#2196f3",
  "icons": [
    {
      "src": "/Ban/icons/icon-72.png",
      "sizes": "72x72",
      "type": "image/png"
    },
    {
      "src": "/Ban/icons/icon-96.png",
      "sizes": "96x96",
      "type": "image/png"
    },
    {
      "src": "/Ban/icons/icon-128.png",
      "sizes": "128x128",
      "type": "image/png"
    },
    {
      "src": "/Ban/icons/icon-144.png",
      "sizes": "144x144",
      "type": "image/png"
    },
    {
      "src": "/Ban/icons/icon-192.png",
      "sizes": "192x192",
      "type": "image/png"
    },
    {
      "src": "/Ban/icons/icon-256.png",
      "sizes": "256x256",
      "type": "image/png"
    },
    {
      "src": "/Ban/icons/icon-384.png",
      "sizes": "384x384",
      "type": "image/png"
    },
    {
      "src": "/Ban/icons/icon-512.png",
      "sizes": "512x512",
      "type": "image/png"
    }
  ]

}
